S,M,NLL,j,σ,AIC,β
50,10,-129.79746741421746,1,6.697286065259563e-9,-255.59493482843493,4.446315110854833e-6
250,10,-129.9949744098698,1,6.699351208164024e-9,-255.9899488197396,4.4472352316379005e-6
1000,10,-129.72589198301696,1,6.6825586379233675e-9,-255.45178396603393,4.446587412318274e-6
2500,10,-129.7224883050647,1,6.618690366296993e-9,-255.4449766101294,4.4467173907025544e-6
50,100,-130.99583711026582,1,9.093907507889022e-9,-257.99167422053165,4.450899348936133e-6
250,100,-129.68949920884612,1,9.37253762352095e-9,-255.37899841769223,4.449600302828049e-6
1000,100,-129.6142851402769,1,8.362656902657414e-9,-255.2285702805538,4.447080489426702e-6
2500,100,-129.8112920786492,1,6.401424888674776e-9,-255.62258415729838,4.4479993125680614e-6
50,250,-130.21129005131746,1,8.02121192652603e-9,-256.4225801026349,4.442583704192418e-6
250,250,-130.1640275157517,1,7.063574623079588e-9,-256.3280550315034,4.456904610320266e-6
1000,250,-130.28644946946022,1,6.215805859493928e-9,-256.57289893892045,4.447878031270341e-6
2500,250,-130.2856905422712,1,6.568336360650388e-9,-256.5713810845424,4.446945246080593e-6
50,1000,-115.17214486383156,1,5.311490009158679e-8,-226.34428972766312,4.602497864086074e-6
250,1000,-125.50264196866983,1,1.3919491277744575e-8,-247.00528393733967,4.441297840995823e-6
1000,1000,-129.2837074509145,1,8.183443089710858e-9,-254.567414901829,4.449187360872283e-6
2500,1000,-130.26783584860948,1,6.920291134096722e-9,-256.53567169721896,4.450123171983453e-6
50,10,-129.79746741421746,2,6.697286065259563e-9,-255.59493482843493,4.446315110854833e-6
250,10,-129.9949744098698,2,6.699351208164024e-9,-255.9899488197396,4.4472352316379005e-6
1000,10,-129.72589198301696,2,6.6825586379233675e-9,-255.45178396603393,4.446587412318274e-6
2500,10,-129.7224883050647,2,6.618690366296993e-9,-255.4449766101294,4.4467173907025544e-6
50,100,-130.99583711026582,2,9.093907507889022e-9,-257.99167422053165,4.450899348936133e-6
250,100,-129.68949920884612,2,9.37253762352095e-9,-255.37899841769223,4.449600302828049e-6
1000,100,-129.6142851402769,2,8.362656902657414e-9,-255.2285702805538,4.447080489426702e-6
2500,100,-129.8112920786492,2,6.401424888674776e-9,-255.62258415729838,4.4479993125680614e-6
50,250,-130.21129005131746,2,8.02121192652603e-9,-256.4225801026349,4.442583704192418e-6
250,250,-130.1640275157517,2,7.063574623079588e-9,-256.3280550315034,4.456904610320266e-6
1000,250,-130.28644946946022,2,6.215805859493928e-9,-256.57289893892045,4.447878031270341e-6
2500,250,-130.2856905422712,2,6.568336360650388e-9,-256.5713810845424,4.446945246080593e-6
50,1000,-115.17214486383156,2,5.311490009158679e-8,-226.34428972766312,4.602497864086074e-6
250,1000,-125.50264196866983,2,1.3919491277744575e-8,-247.00528393733967,4.441297840995823e-6
1000,1000,-129.2837074509145,2,8.183443089710858e-9,-254.567414901829,4.449187360872283e-6
2500,1000,-130.26783584860948,2,6.920291134096722e-9,-256.53567169721896,4.450123171983453e-6
50,10,-129.79746741421746,3,6.697286065259563e-9,-255.59493482843493,4.446315110854833e-6
250,10,-129.9949744098698,3,6.699351208164024e-9,-255.9899488197396,4.4472352316379005e-6
1000,10,-129.72589198301696,3,6.6825586379233675e-9,-255.45178396603393,4.446587412318274e-6
2500,10,-129.7224883050647,3,6.618690366296993e-9,-255.4449766101294,4.4467173907025544e-6
50,100,-130.99583711026582,3,9.093907507889022e-9,-257.99167422053165,4.450899348936133e-6
250,100,-129.68949920884612,3,9.37253762352095e-9,-255.37899841769223,4.449600302828049e-6
1000,100,-129.6142851402769,3,8.362656902657414e-9,-255.2285702805538,4.447080489426702e-6
2500,100,-129.8112920786492,3,6.401424888674776e-9,-255.62258415729838,4.4479993125680614e-6
50,250,-130.21129005131746,3,8.02121192652603e-9,-256.4225801026349,4.442583704192418e-6
250,250,-130.1640275157517,3,7.063574623079588e-9,-256.3280550315034,4.456904610320266e-6
1000,250,-130.28644946946022,3,6.215805859493928e-9,-256.57289893892045,4.447878031270341e-6
2500,250,-130.2856905422712,3,6.568336360650388e-9,-256.5713810845424,4.446945246080593e-6
50,1000,-115.17214486383156,3,5.311490009158679e-8,-226.34428972766312,4.602497864086074e-6
250,1000,-125.50264196866983,3,1.3919491277744575e-8,-247.00528393733967,4.441297840995823e-6
1000,1000,-129.2837074509145,3,8.183443089710858e-9,-254.567414901829,4.449187360872283e-6
2500,1000,-130.26783584860948,3,6.920291134096722e-9,-256.53567169721896,4.450123171983453e-6
50,10,-129.79746741421746,4,6.697286065259563e-9,-255.59493482843493,4.446315110854833e-6
250,10,-129.9949744098698,4,6.699351208164024e-9,-255.9899488197396,4.4472352316379005e-6
1000,10,-129.72589198301696,4,6.6825586379233675e-9,-255.45178396603393,4.446587412318274e-6
2500,10,-129.7224883050647,4,6.618690366296993e-9,-255.4449766101294,4.4467173907025544e-6
50,100,-130.99583711026582,4,9.093907507889022e-9,-257.99167422053165,4.450899348936133e-6
250,100,-129.68949920884612,4,9.37253762352095e-9,-255.37899841769223,4.449600302828049e-6
1000,100,-129.6142851402769,4,8.362656902657414e-9,-255.2285702805538,4.447080489426702e-6
2500,100,-129.8112920786492,4,6.401424888674776e-9,-255.62258415729838,4.4479993125680614e-6
50,250,-130.21129005131746,4,8.02121192652603e-9,-256.4225801026349,4.442583704192418e-6
250,250,-130.1640275157517,4,7.063574623079588e-9,-256.3280550315034,4.456904610320266e-6
1000,250,-130.28644946946022,4,6.215805859493928e-9,-256.57289893892045,4.447878031270341e-6
2500,250,-130.2856905422712,4,6.568336360650388e-9,-256.5713810845424,4.446945246080593e-6
50,1000,-115.17214486383156,4,5.311490009158679e-8,-226.34428972766312,4.602497864086074e-6
250,1000,-125.50264196866983,4,1.3919491277744575e-8,-247.00528393733967,4.441297840995823e-6
1000,1000,-129.2837074509145,4,8.183443089710858e-9,-254.567414901829,4.449187360872283e-6
2500,1000,-130.26783584860948,4,6.920291134096722e-9,-256.53567169721896,4.450123171983453e-6
50,10,-129.79746741421746,5,6.697286065259563e-9,-255.59493482843493,4.446315110854833e-6
250,10,-129.9949744098698,5,6.699351208164024e-9,-255.9899488197396,4.4472352316379005e-6
1000,10,-129.72589198301696,5,6.6825586379233675e-9,-255.45178396603393,4.446587412318274e-6
2500,10,-129.7224883050647,5,6.618690366296993e-9,-255.4449766101294,4.4467173907025544e-6
50,100,-130.99583711026582,5,9.093907507889022e-9,-257.99167422053165,4.450899348936133e-6
250,100,-129.68949920884612,5,9.37253762352095e-9,-255.37899841769223,4.449600302828049e-6
1000,100,-129.6142851402769,5,8.362656902657414e-9,-255.2285702805538,4.447080489426702e-6
2500,100,-129.8112920786492,5,6.401424888674776e-9,-255.62258415729838,4.4479993125680614e-6
50,250,-130.21129005131746,5,8.02121192652603e-9,-256.4225801026349,4.442583704192418e-6
250,250,-130.1640275157517,5,7.063574623079588e-9,-256.3280550315034,4.456904610320266e-6
1000,250,-130.28644946946022,5,6.215805859493928e-9,-256.57289893892045,4.447878031270341e-6
2500,250,-130.2856905422712,5,6.568336360650388e-9,-256.5713810845424,4.446945246080593e-6
50,1000,-115.17214486383156,5,5.311490009158679e-8,-226.34428972766312,4.602497864086074e-6
250,1000,-125.50264196866983,5,1.3919491277744575e-8,-247.00528393733967,4.441297840995823e-6
1000,1000,-129.2837074509145,5,8.183443089710858e-9,-254.567414901829,4.449187360872283e-6
2500,1000,-130.26783584860948,5,6.920291134096722e-9,-256.53567169721896,4.450123171983453e-6
50,10,-129.79746741421746,6,6.697286065259563e-9,-255.59493482843493,4.446315110854833e-6
250,10,-129.9949744098698,6,6.699351208164024e-9,-255.9899488197396,4.4472352316379005e-6
1000,10,-129.72589198301696,6,6.6825586379233675e-9,-255.45178396603393,4.446587412318274e-6
2500,10,-129.7224883050647,6,6.618690366296993e-9,-255.4449766101294,4.4467173907025544e-6
50,100,-130.99583711026582,6,9.093907507889022e-9,-257.99167422053165,4.450899348936133e-6
250,100,-129.68949920884612,6,9.37253762352095e-9,-255.37899841769223,4.449600302828049e-6
1000,100,-129.6142851402769,6,8.362656902657414e-9,-255.2285702805538,4.447080489426702e-6
2500,100,-129.8112920786492,6,6.401424888674776e-9,-255.62258415729838,4.4479993125680614e-6
50,250,-130.21129005131746,6,8.02121192652603e-9,-256.4225801026349,4.442583704192418e-6
250,250,-130.1640275157517,6,7.063574623079588e-9,-256.3280550315034,4.456904610320266e-6
1000,250,-130.28644946946022,6,6.215805859493928e-9,-256.57289893892045,4.447878031270341e-6
2500,250,-130.2856905422712,6,6.568336360650388e-9,-256.5713810845424,4.446945246080593e-6
50,1000,-115.17214486383156,6,5.311490009158679e-8,-226.34428972766312,4.602497864086074e-6
250,1000,-125.50264196866983,6,1.3919491277744575e-8,-247.00528393733967,4.441297840995823e-6
1000,1000,-129.2837074509145,6,8.183443089710858e-9,-254.567414901829,4.449187360872283e-6
2500,1000,-130.26783584860948,6,6.920291134096722e-9,-256.53567169721896,4.450123171983453e-6
50,10,-129.79746741421746,7,6.697286065259563e-9,-255.59493482843493,4.446315110854833e-6
250,10,-129.9949744098698,7,6.699351208164024e-9,-255.9899488197396,4.4472352316379005e-6
1000,10,-129.72589198301696,7,6.6825586379233675e-9,-255.45178396603393,4.446587412318274e-6
2500,10,-129.7224883050647,7,6.618690366296993e-9,-255.4449766101294,4.4467173907025544e-6
50,100,-130.99583711026582,7,9.093907507889022e-9,-257.99167422053165,4.450899348936133e-6
250,100,-129.68949920884612,7,9.37253762352095e-9,-255.37899841769223,4.449600302828049e-6
1000,100,-129.6142851402769,7,8.362656902657414e-9,-255.2285702805538,4.447080489426702e-6
2500,100,-129.8112920786492,7,6.401424888674776e-9,-255.62258415729838,4.4479993125680614e-6
50,250,-130.21129005131746,7,8.02121192652603e-9,-256.4225801026349,4.442583704192418e-6
250,250,-130.1640275157517,7,7.063574623079588e-9,-256.3280550315034,4.456904610320266e-6
1000,250,-130.28644946946022,7,6.215805859493928e-9,-256.57289893892045,4.447878031270341e-6
2500,250,-130.2856905422712,7,6.568336360650388e-9,-256.5713810845424,4.446945246080593e-6
50,1000,-115.17214486383156,7,5.311490009158679e-8,-226.34428972766312,4.602497864086074e-6
250,1000,-125.50264196866983,7,1.3919491277744575e-8,-247.00528393733967,4.441297840995823e-6
1000,1000,-129.2837074509145,7,8.183443089710858e-9,-254.567414901829,4.449187360872283e-6
2500,1000,-130.26783584860948,7,6.920291134096722e-9,-256.53567169721896,4.450123171983453e-6
50,10,-129.79746741421746,8,6.697286065259563e-9,-255.59493482843493,4.446315110854833e-6
250,10,-129.9949744098698,8,6.699351208164024e-9,-255.9899488197396,4.4472352316379005e-6
1000,10,-129.72589198301696,8,6.6825586379233675e-9,-255.45178396603393,4.446587412318274e-6
2500,10,-129.7224883050647,8,6.618690366296993e-9,-255.4449766101294,4.4467173907025544e-6
50,100,-130.99583711026582,8,9.093907507889022e-9,-257.99167422053165,4.450899348936133e-6
250,100,-129.68949920884612,8,9.37253762352095e-9,-255.37899841769223,4.449600302828049e-6
1000,100,-129.6142851402769,8,8.362656902657414e-9,-255.2285702805538,4.447080489426702e-6
2500,100,-129.8112920786492,8,6.401424888674776e-9,-255.62258415729838,4.4479993125680614e-6
50,250,-130.21129005131746,8,8.02121192652603e-9,-256.4225801026349,4.442583704192418e-6
250,250,-130.1640275157517,8,7.063574623079588e-9,-256.3280550315034,4.456904610320266e-6
1000,250,-130.28644946946022,8,6.215805859493928e-9,-256.57289893892045,4.447878031270341e-6
2500,250,-130.2856905422712,8,6.568336360650388e-9,-256.5713810845424,4.446945246080593e-6
50,1000,-115.17214486383156,8,5.311490009158679e-8,-226.34428972766312,4.602497864086074e-6
250,1000,-125.50264196866983,8,1.3919491277744575e-8,-247.00528393733967,4.441297840995823e-6
1000,1000,-129.2837074509145,8,8.183443089710858e-9,-254.567414901829,4.449187360872283e-6
2500,1000,-130.26783584860948,8,6.920291134096722e-9,-256.53567169721896,4.450123171983453e-6
50,10,-129.79746741421746,9,6.697286065259563e-9,-255.59493482843493,4.446315110854833e-6
250,10,-129.9949744098698,9,6.699351208164024e-9,-255.9899488197396,4.4472352316379005e-6
1000,10,-129.72589198301696,9,6.6825586379233675e-9,-255.45178396603393,4.446587412318274e-6
2500,10,-129.7224883050647,9,6.618690366296993e-9,-255.4449766101294,4.4467173907025544e-6
50,100,-130.99583711026582,9,9.093907507889022e-9,-257.99167422053165,4.450899348936133e-6
250,100,-129.68949920884612,9,9.37253762352095e-9,-255.37899841769223,4.449600302828049e-6
1000,100,-129.6142851402769,9,8.362656902657414e-9,-255.2285702805538,4.447080489426702e-6
2500,100,-129.8112920786492,9,6.401424888674776e-9,-255.62258415729838,4.4479993125680614e-6
50,250,-130.21129005131746,9,8.02121192652603e-9,-256.4225801026349,4.442583704192418e-6
250,250,-130.1640275157517,9,7.063574623079588e-9,-256.3280550315034,4.456904610320266e-6
1000,250,-130.28644946946022,9,6.215805859493928e-9,-256.57289893892045,4.447878031270341e-6
2500,250,-130.2856905422712,9,6.568336360650388e-9,-256.5713810845424,4.446945246080593e-6
50,1000,-115.17214486383156,9,5.311490009158679e-8,-226.34428972766312,4.602497864086074e-6
250,1000,-125.50264196866983,9,1.3919491277744575e-8,-247.00528393733967,4.441297840995823e-6
1000,1000,-129.2837074509145,9,8.183443089710858e-9,-254.567414901829,4.449187360872283e-6
2500,1000,-130.26783584860948,9,6.920291134096722e-9,-256.53567169721896,4.450123171983453e-6
50,10,-129.79746741421746,10,6.697286065259563e-9,-255.59493482843493,4.446315110854833e-6
250,10,-129.9949744098698,10,6.699351208164024e-9,-255.9899488197396,4.4472352316379005e-6
1000,10,-129.72589198301696,10,6.6825586379233675e-9,-255.45178396603393,4.446587412318274e-6
2500,10,-129.7224883050647,10,6.618690366296993e-9,-255.4449766101294,4.4467173907025544e-6
50,100,-130.99583711026582,10,9.093907507889022e-9,-257.99167422053165,4.450899348936133e-6
250,100,-129.68949920884612,10,9.37253762352095e-9,-255.37899841769223,4.449600302828049e-6
1000,100,-129.6142851402769,10,8.362656902657414e-9,-255.2285702805538,4.447080489426702e-6
2500,100,-129.8112920786492,10,6.401424888674776e-9,-255.62258415729838,4.4479993125680614e-6
50,250,-130.21129005131746,10,8.02121192652603e-9,-256.4225801026349,4.442583704192418e-6
250,250,-130.1640275157517,10,7.063574623079588e-9,-256.3280550315034,4.456904610320266e-6
1000,250,-130.28644946946022,10,6.215805859493928e-9,-256.57289893892045,4.447878031270341e-6
2500,250,-130.2856905422712,10,6.568336360650388e-9,-256.5713810845424,4.446945246080593e-6
50,1000,-115.17214486383156,10,5.311490009158679e-8,-226.34428972766312,4.602497864086074e-6
250,1000,-125.50264196866983,10,1.3919491277744575e-8,-247.00528393733967,4.441297840995823e-6
1000,1000,-129.2837074509145,10,8.183443089710858e-9,-254.567414901829,4.449187360872283e-6
2500,1000,-130.26783584860948,10,6.920291134096722e-9,-256.53567169721896,4.450123171983453e-6
50,10,-129.79746741421746,11,6.697286065259563e-9,-255.59493482843493,4.446315110854833e-6
250,10,-129.9949744098698,11,6.699351208164024e-9,-255.9899488197396,4.4472352316379005e-6
1000,10,-129.72589198301696,11,6.6825586379233675e-9,-255.45178396603393,4.446587412318274e-6
2500,10,-129.7224883050647,11,6.618690366296993e-9,-255.4449766101294,4.4467173907025544e-6
50,100,-130.99583711026582,11,9.093907507889022e-9,-257.99167422053165,4.450899348936133e-6
250,100,-129.68949920884612,11,9.37253762352095e-9,-255.37899841769223,4.449600302828049e-6
1000,100,-129.6142851402769,11,8.362656902657414e-9,-255.2285702805538,4.447080489426702e-6
2500,100,-129.8112920786492,11,6.401424888674776e-9,-255.62258415729838,4.4479993125680614e-6
50,250,-130.21129005131746,11,8.02121192652603e-9,-256.4225801026349,4.442583704192418e-6
250,250,-130.1640275157517,11,7.063574623079588e-9,-256.3280550315034,4.456904610320266e-6
1000,250,-130.28644946946022,11,6.215805859493928e-9,-256.57289893892045,4.447878031270341e-6
2500,250,-130.2856905422712,11,6.568336360650388e-9,-256.5713810845424,4.446945246080593e-6
50,1000,-115.17214486383156,11,5.311490009158679e-8,-226.34428972766312,4.602497864086074e-6
250,1000,-125.50264196866983,11,1.3919491277744575e-8,-247.00528393733967,4.441297840995823e-6
1000,1000,-129.2837074509145,11,8.183443089710858e-9,-254.567414901829,4.449187360872283e-6
2500,1000,-130.26783584860948,11,6.920291134096722e-9,-256.53567169721896,4.450123171983453e-6
50,10,-129.79746741421746,12,6.697286065259563e-9,-255.59493482843493,4.446315110854833e-6
250,10,-129.9949744098698,12,6.699351208164024e-9,-255.9899488197396,4.4472352316379005e-6
1000,10,-129.72589198301696,12,6.6825586379233675e-9,-255.45178396603393,4.446587412318274e-6
2500,10,-129.7224883050647,12,6.618690366296993e-9,-255.4449766101294,4.4467173907025544e-6
50,100,-130.99583711026582,12,9.093907507889022e-9,-257.99167422053165,4.450899348936133e-6
250,100,-129.68949920884612,12,9.37253762352095e-9,-255.37899841769223,4.449600302828049e-6
1000,100,-129.6142851402769,12,8.362656902657414e-9,-255.2285702805538,4.447080489426702e-6
2500,100,-129.8112920786492,12,6.401424888674776e-9,-255.62258415729838,4.4479993125680614e-6
50,250,-130.21129005131746,12,8.02121192652603e-9,-256.4225801026349,4.442583704192418e-6
250,250,-130.1640275157517,12,7.063574623079588e-9,-256.3280550315034,4.456904610320266e-6
1000,250,-130.28644946946022,12,6.215805859493928e-9,-256.57289893892045,4.447878031270341e-6
2500,250,-130.2856905422712,12,6.568336360650388e-9,-256.5713810845424,4.446945246080593e-6
50,1000,-115.17214486383156,12,5.311490009158679e-8,-226.34428972766312,4.602497864086074e-6
250,1000,-125.50264196866983,12,1.3919491277744575e-8,-247.00528393733967,4.441297840995823e-6
1000,1000,-129.2837074509145,12,8.183443089710858e-9,-254.567414901829,4.449187360872283e-6
2500,1000,-130.26783584860948,12,6.920291134096722e-9,-256.53567169721896,4.450123171983453e-6
50,10,-129.79746741421746,13,6.697286065259563e-9,-255.59493482843493,4.446315110854833e-6
250,10,-129.9949744098698,13,6.699351208164024e-9,-255.9899488197396,4.4472352316379005e-6
1000,10,-129.72589198301696,13,6.6825586379233675e-9,-255.45178396603393,4.446587412318274e-6
2500,10,-129.7224883050647,13,6.618690366296993e-9,-255.4449766101294,4.4467173907025544e-6
50,100,-130.99583711026582,13,9.093907507889022e-9,-257.99167422053165,4.450899348936133e-6
250,100,-129.68949920884612,13,9.37253762352095e-9,-255.37899841769223,4.449600302828049e-6
1000,100,-129.6142851402769,13,8.362656902657414e-9,-255.2285702805538,4.447080489426702e-6
2500,100,-129.8112920786492,13,6.401424888674776e-9,-255.62258415729838,4.4479993125680614e-6
50,250,-130.21129005131746,13,8.02121192652603e-9,-256.4225801026349,4.442583704192418e-6
250,250,-130.1640275157517,13,7.063574623079588e-9,-256.3280550315034,4.456904610320266e-6
1000,250,-130.28644946946022,13,6.215805859493928e-9,-256.57289893892045,4.447878031270341e-6
2500,250,-130.2856905422712,13,6.568336360650388e-9,-256.5713810845424,4.446945246080593e-6
50,1000,-115.17214486383156,13,5.311490009158679e-8,-226.34428972766312,4.602497864086074e-6
250,1000,-125.50264196866983,13,1.3919491277744575e-8,-247.00528393733967,4.441297840995823e-6
1000,1000,-129.2837074509145,13,8.183443089710858e-9,-254.567414901829,4.449187360872283e-6
2500,1000,-130.26783584860948,13,6.920291134096722e-9,-256.53567169721896,4.450123171983453e-6
50,10,-129.79746741421746,14,6.697286065259563e-9,-255.59493482843493,4.446315110854833e-6
250,10,-129.9949744098698,14,6.699351208164024e-9,-255.9899488197396,4.4472352316379005e-6
1000,10,-129.72589198301696,14,6.6825586379233675e-9,-255.45178396603393,4.446587412318274e-6
2500,10,-129.7224883050647,14,6.618690366296993e-9,-255.4449766101294,4.4467173907025544e-6
50,100,-130.99583711026582,14,9.093907507889022e-9,-257.99167422053165,4.450899348936133e-6
250,100,-129.68949920884612,14,9.37253762352095e-9,-255.37899841769223,4.449600302828049e-6
1000,100,-129.6142851402769,14,8.362656902657414e-9,-255.2285702805538,4.447080489426702e-6
2500,100,-129.8112920786492,14,6.401424888674776e-9,-255.62258415729838,4.4479993125680614e-6
50,250,-130.21129005131746,14,8.02121192652603e-9,-256.4225801026349,4.442583704192418e-6
250,250,-130.1640275157517,14,7.063574623079588e-9,-256.3280550315034,4.456904610320266e-6
1000,250,-130.28644946946022,14,6.215805859493928e-9,-256.57289893892045,4.447878031270341e-6
2500,250,-130.2856905422712,14,6.568336360650388e-9,-256.5713810845424,4.446945246080593e-6
50,1000,-115.17214486383156,14,5.311490009158679e-8,-226.34428972766312,4.602497864086074e-6
250,1000,-125.50264196866983,14,1.3919491277744575e-8,-247.00528393733967,4.441297840995823e-6
1000,1000,-129.2837074509145,14,8.183443089710858e-9,-254.567414901829,4.449187360872283e-6
2500,1000,-130.26783584860948,14,6.920291134096722e-9,-256.53567169721896,4.450123171983453e-6
50,10,-129.79746741421746,15,6.697286065259563e-9,-255.59493482843493,4.446315110854833e-6
250,10,-129.9949744098698,15,6.699351208164024e-9,-255.9899488197396,4.4472352316379005e-6
1000,10,-129.72589198301696,15,6.6825586379233675e-9,-255.45178396603393,4.446587412318274e-6
2500,10,-129.7224883050647,15,6.618690366296993e-9,-255.4449766101294,4.4467173907025544e-6
50,100,-130.99583711026582,15,9.093907507889022e-9,-257.99167422053165,4.450899348936133e-6
250,100,-129.68949920884612,15,9.37253762352095e-9,-255.37899841769223,4.449600302828049e-6
1000,100,-129.6142851402769,15,8.362656902657414e-9,-255.2285702805538,4.447080489426702e-6
2500,100,-129.8112920786492,15,6.401424888674776e-9,-255.62258415729838,4.4479993125680614e-6
50,250,-130.21129005131746,15,8.02121192652603e-9,-256.4225801026349,4.442583704192418e-6
250,250,-130.1640275157517,15,7.063574623079588e-9,-256.3280550315034,4.456904610320266e-6
1000,250,-130.28644946946022,15,6.215805859493928e-9,-256.57289893892045,4.447878031270341e-6
2500,250,-130.2856905422712,15,6.568336360650388e-9,-256.5713810845424,4.446945246080593e-6
50,1000,-115.17214486383156,15,5.311490009158679e-8,-226.34428972766312,4.602497864086074e-6
250,1000,-125.50264196866983,15,1.3919491277744575e-8,-247.00528393733967,4.441297840995823e-6
1000,1000,-129.2837074509145,15,8.183443089710858e-9,-254.567414901829,4.449187360872283e-6
2500,1000,-130.26783584860948,15,6.920291134096722e-9,-256.53567169721896,4.450123171983453e-6
50,10,-129.79746741421746,16,6.697286065259563e-9,-255.59493482843493,4.446315110854833e-6
250,10,-129.9949744098698,16,6.699351208164024e-9,-255.9899488197396,4.4472352316379005e-6
1000,10,-129.72589198301696,16,6.6825586379233675e-9,-255.45178396603393,4.446587412318274e-6
2500,10,-129.7224883050647,16,6.618690366296993e-9,-255.4449766101294,4.4467173907025544e-6
50,100,-130.99583711026582,16,9.093907507889022e-9,-257.99167422053165,4.450899348936133e-6
250,100,-129.68949920884612,16,9.37253762352095e-9,-255.37899841769223,4.449600302828049e-6
1000,100,-129.6142851402769,16,8.362656902657414e-9,-255.2285702805538,4.447080489426702e-6
2500,100,-129.8112920786492,16,6.401424888674776e-9,-255.62258415729838,4.4479993125680614e-6
50,250,-130.21129005131746,16,8.02121192652603e-9,-256.4225801026349,4.442583704192418e-6
250,250,-130.1640275157517,16,7.063574623079588e-9,-256.3280550315034,4.456904610320266e-6
1000,250,-130.28644946946022,16,6.215805859493928e-9,-256.57289893892045,4.447878031270341e-6
2500,250,-130.2856905422712,16,6.568336360650388e-9,-256.5713810845424,4.446945246080593e-6
50,1000,-115.17214486383156,16,5.311490009158679e-8,-226.34428972766312,4.602497864086074e-6
250,1000,-125.50264196866983,16,1.3919491277744575e-8,-247.00528393733967,4.441297840995823e-6
1000,1000,-129.2837074509145,16,8.183443089710858e-9,-254.567414901829,4.449187360872283e-6
2500,1000,-130.26783584860948,16,6.920291134096722e-9,-256.53567169721896,4.450123171983453e-6
50,10,-129.79746741421746,17,6.697286065259563e-9,-255.59493482843493,4.446315110854833e-6
250,10,-129.9949744098698,17,6.699351208164024e-9,-255.9899488197396,4.4472352316379005e-6
1000,10,-129.72589198301696,17,6.6825586379233675e-9,-255.45178396603393,4.446587412318274e-6
2500,10,-129.7224883050647,17,6.618690366296993e-9,-255.4449766101294,4.4467173907025544e-6
50,100,-130.99583711026582,17,9.093907507889022e-9,-257.99167422053165,4.450899348936133e-6
250,100,-129.68949920884612,17,9.37253762352095e-9,-255.37899841769223,4.449600302828049e-6
1000,100,-129.6142851402769,17,8.362656902657414e-9,-255.2285702805538,4.447080489426702e-6
2500,100,-129.8112920786492,17,6.401424888674776e-9,-255.62258415729838,4.4479993125680614e-6
50,250,-130.21129005131746,17,8.02121192652603e-9,-256.4225801026349,4.442583704192418e-6
250,250,-130.1640275157517,17,7.063574623079588e-9,-256.3280550315034,4.456904610320266e-6
1000,250,-130.28644946946022,17,6.215805859493928e-9,-256.57289893892045,4.447878031270341e-6
2500,250,-130.2856905422712,17,6.568336360650388e-9,-256.5713810845424,4.446945246080593e-6
50,1000,-115.17214486383156,17,5.311490009158679e-8,-226.34428972766312,4.602497864086074e-6
250,1000,-125.50264196866983,17,1.3919491277744575e-8,-247.00528393733967,4.441297840995823e-6
1000,1000,-129.2837074509145,17,8.183443089710858e-9,-254.567414901829,4.449187360872283e-6
2500,1000,-130.26783584860948,17,6.920291134096722e-9,-256.53567169721896,4.450123171983453e-6
50,10,-129.79746741421746,18,6.697286065259563e-9,-255.59493482843493,4.446315110854833e-6
250,10,-129.9949744098698,18,6.699351208164024e-9,-255.9899488197396,4.4472352316379005e-6
1000,10,-129.72589198301696,18,6.6825586379233675e-9,-255.45178396603393,4.446587412318274e-6
2500,10,-129.7224883050647,18,6.618690366296993e-9,-255.4449766101294,4.4467173907025544e-6
50,100,-130.99583711026582,18,9.093907507889022e-9,-257.99167422053165,4.450899348936133e-6
250,100,-129.68949920884612,18,9.37253762352095e-9,-255.37899841769223,4.449600302828049e-6
1000,100,-129.6142851402769,18,8.362656902657414e-9,-255.2285702805538,4.447080489426702e-6
2500,100,-129.8112920786492,18,6.401424888674776e-9,-255.62258415729838,4.4479993125680614e-6
50,250,-130.21129005131746,18,8.02121192652603e-9,-256.4225801026349,4.442583704192418e-6
250,250,-130.1640275157517,18,7.063574623079588e-9,-256.3280550315034,4.456904610320266e-6
1000,250,-130.28644946946022,18,6.215805859493928e-9,-256.57289893892045,4.447878031270341e-6
2500,250,-130.2856905422712,18,6.568336360650388e-9,-256.5713810845424,4.446945246080593e-6
50,1000,-115.17214486383156,18,5.311490009158679e-8,-226.34428972766312,4.602497864086074e-6
250,1000,-125.50264196866983,18,1.3919491277744575e-8,-247.00528393733967,4.441297840995823e-6
1000,1000,-129.2837074509145,18,8.183443089710858e-9,-254.567414901829,4.449187360872283e-6
2500,1000,-130.26783584860948,18,6.920291134096722e-9,-256.53567169721896,4.450123171983453e-6
50,10,-129.79746741421746,19,6.697286065259563e-9,-255.59493482843493,4.446315110854833e-6
250,10,-129.9949744098698,19,6.699351208164024e-9,-255.9899488197396,4.4472352316379005e-6
1000,10,-129.72589198301696,19,6.6825586379233675e-9,-255.45178396603393,4.446587412318274e-6
2500,10,-129.7224883050647,19,6.618690366296993e-9,-255.4449766101294,4.4467173907025544e-6
50,100,-130.99583711026582,19,9.093907507889022e-9,-257.99167422053165,4.450899348936133e-6
250,100,-129.68949920884612,19,9.37253762352095e-9,-255.37899841769223,4.449600302828049e-6
1000,100,-129.6142851402769,19,8.362656902657414e-9,-255.2285702805538,4.447080489426702e-6
2500,100,-129.8112920786492,19,6.401424888674776e-9,-255.62258415729838,4.4479993125680614e-6
50,250,-130.21129005131746,19,8.02121192652603e-9,-256.4225801026349,4.442583704192418e-6
250,250,-130.1640275157517,19,7.063574623079588e-9,-256.3280550315034,4.456904610320266e-6
1000,250,-130.28644946946022,19,6.215805859493928e-9,-256.57289893892045,4.447878031270341e-6
2500,250,-130.2856905422712,19,6.568336360650388e-9,-256.5713810845424,4.446945246080593e-6
50,1000,-115.17214486383156,19,5.311490009158679e-8,-226.34428972766312,4.602497864086074e-6
250,1000,-125.50264196866983,19,1.3919491277744575e-8,-247.00528393733967,4.441297840995823e-6
1000,1000,-129.2837074509145,19,8.183443089710858e-9,-254.567414901829,4.449187360872283e-6
2500,1000,-130.26783584860948,19,6.920291134096722e-9,-256.53567169721896,4.450123171983453e-6
50,10,-129.79746741421746,20,6.697286065259563e-9,-255.59493482843493,4.446315110854833e-6
250,10,-129.9949744098698,20,6.699351208164024e-9,-255.9899488197396,4.4472352316379005e-6
1000,10,-129.72589198301696,20,6.6825586379233675e-9,-255.45178396603393,4.446587412318274e-6
2500,10,-129.7224883050647,20,6.618690366296993e-9,-255.4449766101294,4.4467173907025544e-6
50,100,-130.99583711026582,20,9.093907507889022e-9,-257.99167422053165,4.450899348936133e-6
250,100,-129.68949920884612,20,9.37253762352095e-9,-255.37899841769223,4.449600302828049e-6
1000,100,-129.6142851402769,20,8.362656902657414e-9,-255.2285702805538,4.447080489426702e-6
2500,100,-129.8112920786492,20,6.401424888674776e-9,-255.62258415729838,4.4479993125680614e-6
50,250,-130.21129005131746,20,8.02121192652603e-9,-256.4225801026349,4.442583704192418e-6
250,250,-130.1640275157517,20,7.063574623079588e-9,-256.3280550315034,4.456904610320266e-6
1000,250,-130.28644946946022,20,6.215805859493928e-9,-256.57289893892045,4.447878031270341e-6
2500,250,-130.2856905422712,20,6.568336360650388e-9,-256.5713810845424,4.446945246080593e-6
50,1000,-115.17214486383156,20,5.311490009158679e-8,-226.34428972766312,4.602497864086074e-6
250,1000,-125.50264196866983,20,1.3919491277744575e-8,-247.00528393733967,4.441297840995823e-6
1000,1000,-129.2837074509145,20,8.183443089710858e-9,-254.567414901829,4.449187360872283e-6
2500,1000,-130.26783584860948,20,6.920291134096722e-9,-256.53567169721896,4.450123171983453e-6
50,10,-129.79746741421746,21,6.697286065259563e-9,-255.59493482843493,4.446315110854833e-6
250,10,-129.9949744098698,21,6.699351208164024e-9,-255.9899488197396,4.4472352316379005e-6
1000,10,-129.72589198301696,21,6.6825586379233675e-9,-255.45178396603393,4.446587412318274e-6
2500,10,-129.7224883050647,21,6.618690366296993e-9,-255.4449766101294,4.4467173907025544e-6
50,100,-130.99583711026582,21,9.093907507889022e-9,-257.99167422053165,4.450899348936133e-6
250,100,-129.68949920884612,21,9.37253762352095e-9,-255.37899841769223,4.449600302828049e-6
1000,100,-129.6142851402769,21,8.362656902657414e-9,-255.2285702805538,4.447080489426702e-6
2500,100,-129.8112920786492,21,6.401424888674776e-9,-255.62258415729838,4.4479993125680614e-6
50,250,-130.21129005131746,21,8.02121192652603e-9,-256.4225801026349,4.442583704192418e-6
250,250,-130.1640275157517,21,7.063574623079588e-9,-256.3280550315034,4.456904610320266e-6
1000,250,-130.28644946946022,21,6.215805859493928e-9,-256.57289893892045,4.447878031270341e-6
2500,250,-130.2856905422712,21,6.568336360650388e-9,-256.5713810845424,4.446945246080593e-6
50,1000,-115.17214486383156,21,5.311490009158679e-8,-226.34428972766312,4.602497864086074e-6
250,1000,-125.50264196866983,21,1.3919491277744575e-8,-247.00528393733967,4.441297840995823e-6
1000,1000,-129.2837074509145,21,8.183443089710858e-9,-254.567414901829,4.449187360872283e-6
2500,1000,-130.26783584860948,21,6.920291134096722e-9,-256.53567169721896,4.450123171983453e-6
50,10,-129.79746741421746,22,6.697286065259563e-9,-255.59493482843493,4.446315110854833e-6
250,10,-129.9949744098698,22,6.699351208164024e-9,-255.9899488197396,4.4472352316379005e-6
1000,10,-129.72589198301696,22,6.6825586379233675e-9,-255.45178396603393,4.446587412318274e-6
2500,10,-129.7224883050647,22,6.618690366296993e-9,-255.4449766101294,4.4467173907025544e-6
50,100,-130.99583711026582,22,9.093907507889022e-9,-257.99167422053165,4.450899348936133e-6
250,100,-129.68949920884612,22,9.37253762352095e-9,-255.37899841769223,4.449600302828049e-6
1000,100,-129.6142851402769,22,8.362656902657414e-9,-255.2285702805538,4.447080489426702e-6
2500,100,-129.8112920786492,22,6.401424888674776e-9,-255.62258415729838,4.4479993125680614e-6
50,250,-130.21129005131746,22,8.02121192652603e-9,-256.4225801026349,4.442583704192418e-6
250,250,-130.1640275157517,22,7.063574623079588e-9,-256.3280550315034,4.456904610320266e-6
1000,250,-130.28644946946022,22,6.215805859493928e-9,-256.57289893892045,4.447878031270341e-6
2500,250,-130.2856905422712,22,6.568336360650388e-9,-256.5713810845424,4.446945246080593e-6
50,1000,-115.17214486383156,22,5.311490009158679e-8,-226.34428972766312,4.602497864086074e-6
250,1000,-125.50264196866983,22,1.3919491277744575e-8,-247.00528393733967,4.441297840995823e-6
1000,1000,-129.2837074509145,22,8.183443089710858e-9,-254.567414901829,4.449187360872283e-6
2500,1000,-130.26783584860948,22,6.920291134096722e-9,-256.53567169721896,4.450123171983453e-6
50,10,-129.79746741421746,23,6.697286065259563e-9,-255.59493482843493,4.446315110854833e-6
250,10,-129.9949744098698,23,6.699351208164024e-9,-255.9899488197396,4.4472352316379005e-6
1000,10,-129.72589198301696,23,6.6825586379233675e-9,-255.45178396603393,4.446587412318274e-6
2500,10,-129.7224883050647,23,6.618690366296993e-9,-255.4449766101294,4.4467173907025544e-6
50,100,-130.99583711026582,23,9.093907507889022e-9,-257.99167422053165,4.450899348936133e-6
250,100,-129.68949920884612,23,9.37253762352095e-9,-255.37899841769223,4.449600302828049e-6
1000,100,-129.6142851402769,23,8.362656902657414e-9,-255.2285702805538,4.447080489426702e-6
2500,100,-129.8112920786492,23,6.401424888674776e-9,-255.62258415729838,4.4479993125680614e-6
50,250,-130.21129005131746,23,8.02121192652603e-9,-256.4225801026349,4.442583704192418e-6
250,250,-130.1640275157517,23,7.063574623079588e-9,-256.3280550315034,4.456904610320266e-6
1000,250,-130.28644946946022,23,6.215805859493928e-9,-256.57289893892045,4.447878031270341e-6
2500,250,-130.2856905422712,23,6.568336360650388e-9,-256.5713810845424,4.446945246080593e-6
50,1000,-115.17214486383156,23,5.311490009158679e-8,-226.34428972766312,4.602497864086074e-6
250,1000,-125.50264196866983,23,1.3919491277744575e-8,-247.00528393733967,4.441297840995823e-6
1000,1000,-129.2837074509145,23,8.183443089710858e-9,-254.567414901829,4.449187360872283e-6
2500,1000,-130.26783584860948,23,6.920291134096722e-9,-256.53567169721896,4.450123171983453e-6
50,10,-129.79746741421746,24,6.697286065259563e-9,-255.59493482843493,4.446315110854833e-6
250,10,-129.9949744098698,24,6.699351208164024e-9,-255.9899488197396,4.4472352316379005e-6
1000,10,-129.72589198301696,24,6.6825586379233675e-9,-255.45178396603393,4.446587412318274e-6
2500,10,-129.7224883050647,24,6.618690366296993e-9,-255.4449766101294,4.4467173907025544e-6
50,100,-130.99583711026582,24,9.093907507889022e-9,-257.99167422053165,4.450899348936133e-6
250,100,-129.68949920884612,24,9.37253762352095e-9,-255.37899841769223,4.449600302828049e-6
1000,100,-129.6142851402769,24,8.362656902657414e-9,-255.2285702805538,4.447080489426702e-6
2500,100,-129.8112920786492,24,6.401424888674776e-9,-255.62258415729838,4.4479993125680614e-6
50,250,-130.21129005131746,24,8.02121192652603e-9,-256.4225801026349,4.442583704192418e-6
250,250,-130.1640275157517,24,7.063574623079588e-9,-256.3280550315034,4.456904610320266e-6
1000,250,-130.28644946946022,24,6.215805859493928e-9,-256.57289893892045,4.447878031270341e-6
2500,250,-130.2856905422712,24,6.568336360650388e-9,-256.5713810845424,4.446945246080593e-6
50,1000,-115.17214486383156,24,5.311490009158679e-8,-226.34428972766312,4.602497864086074e-6
250,1000,-125.50264196866983,24,1.3919491277744575e-8,-247.00528393733967,4.441297840995823e-6
1000,1000,-129.2837074509145,24,8.183443089710858e-9,-254.567414901829,4.449187360872283e-6
2500,1000,-130.26783584860948,24,6.920291134096722e-9,-256.53567169721896,4.450123171983453e-6
50,10,-129.79746741421746,25,6.697286065259563e-9,-255.59493482843493,4.446315110854833e-6
250,10,-129.9949744098698,25,6.699351208164024e-9,-255.9899488197396,4.4472352316379005e-6
1000,10,-129.72589198301696,25,6.6825586379233675e-9,-255.45178396603393,4.446587412318274e-6
2500,10,-129.7224883050647,25,6.618690366296993e-9,-255.4449766101294,4.4467173907025544e-6
50,100,-130.99583711026582,25,9.093907507889022e-9,-257.99167422053165,4.450899348936133e-6
250,100,-129.68949920884612,25,9.37253762352095e-9,-255.37899841769223,4.449600302828049e-6
1000,100,-129.6142851402769,25,8.362656902657414e-9,-255.2285702805538,4.447080489426702e-6
2500,100,-129.8112920786492,25,6.401424888674776e-9,-255.62258415729838,4.4479993125680614e-6
50,250,-130.21129005131746,25,8.02121192652603e-9,-256.4225801026349,4.442583704192418e-6
250,250,-130.1640275157517,25,7.063574623079588e-9,-256.3280550315034,4.456904610320266e-6
1000,250,-130.28644946946022,25,6.215805859493928e-9,-256.57289893892045,4.447878031270341e-6
2500,250,-130.2856905422712,25,6.568336360650388e-9,-256.5713810845424,4.446945246080593e-6
50,1000,-115.17214486383156,25,5.311490009158679e-8,-226.34428972766312,4.602497864086074e-6
250,1000,-125.50264196866983,25,1.3919491277744575e-8,-247.00528393733967,4.441297840995823e-6
1000,1000,-129.2837074509145,25,8.183443089710858e-9,-254.567414901829,4.449187360872283e-6
2500,1000,-130.26783584860948,25,6.920291134096722e-9,-256.53567169721896,4.450123171983453e-6
50,10,-129.79746741421746,26,6.697286065259563e-9,-255.59493482843493,4.446315110854833e-6
250,10,-129.9949744098698,26,6.699351208164024e-9,-255.9899488197396,4.4472352316379005e-6
1000,10,-129.72589198301696,26,6.6825586379233675e-9,-255.45178396603393,4.446587412318274e-6
2500,10,-129.7224883050647,26,6.618690366296993e-9,-255.4449766101294,4.4467173907025544e-6
50,100,-130.99583711026582,26,9.093907507889022e-9,-257.99167422053165,4.450899348936133e-6
250,100,-129.68949920884612,26,9.37253762352095e-9,-255.37899841769223,4.449600302828049e-6
1000,100,-129.6142851402769,26,8.362656902657414e-9,-255.2285702805538,4.447080489426702e-6
2500,100,-129.8112920786492,26,6.401424888674776e-9,-255.62258415729838,4.4479993125680614e-6
50,250,-130.21129005131746,26,8.02121192652603e-9,-256.4225801026349,4.442583704192418e-6
250,250,-130.1640275157517,26,7.063574623079588e-9,-256.3280550315034,4.456904610320266e-6
1000,250,-130.28644946946022,26,6.215805859493928e-9,-256.57289893892045,4.447878031270341e-6
2500,250,-130.2856905422712,26,6.568336360650388e-9,-256.5713810845424,4.446945246080593e-6
50,1000,-115.17214486383156,26,5.311490009158679e-8,-226.34428972766312,4.602497864086074e-6
250,1000,-125.50264196866983,26,1.3919491277744575e-8,-247.00528393733967,4.441297840995823e-6
1000,1000,-129.2837074509145,26,8.183443089710858e-9,-254.567414901829,4.449187360872283e-6
2500,1000,-130.26783584860948,26,6.920291134096722e-9,-256.53567169721896,4.450123171983453e-6
50,10,-129.79746741421746,27,6.697286065259563e-9,-255.59493482843493,4.446315110854833e-6
250,10,-129.9949744098698,27,6.699351208164024e-9,-255.9899488197396,4.4472352316379005e-6
1000,10,-129.72589198301696,27,6.6825586379233675e-9,-255.45178396603393,4.446587412318274e-6
2500,10,-129.7224883050647,27,6.618690366296993e-9,-255.4449766101294,4.4467173907025544e-6
50,100,-130.99583711026582,27,9.093907507889022e-9,-257.99167422053165,4.450899348936133e-6
250,100,-129.68949920884612,27,9.37253762352095e-9,-255.37899841769223,4.449600302828049e-6
1000,100,-129.6142851402769,27,8.362656902657414e-9,-255.2285702805538,4.447080489426702e-6
2500,100,-129.8112920786492,27,6.401424888674776e-9,-255.62258415729838,4.4479993125680614e-6
50,250,-130.21129005131746,27,8.02121192652603e-9,-256.4225801026349,4.442583704192418e-6
250,250,-130.1640275157517,27,7.063574623079588e-9,-256.3280550315034,4.456904610320266e-6
1000,250,-130.28644946946022,27,6.215805859493928e-9,-256.57289893892045,4.447878031270341e-6
2500,250,-130.2856905422712,27,6.568336360650388e-9,-256.5713810845424,4.446945246080593e-6
50,1000,-115.17214486383156,27,5.311490009158679e-8,-226.34428972766312,4.602497864086074e-6
250,1000,-125.50264196866983,27,1.3919491277744575e-8,-247.00528393733967,4.441297840995823e-6
1000,1000,-129.2837074509145,27,8.183443089710858e-9,-254.567414901829,4.449187360872283e-6
2500,1000,-130.26783584860948,27,6.920291134096722e-9,-256.53567169721896,4.450123171983453e-6
50,10,-129.79746741421746,28,6.697286065259563e-9,-255.59493482843493,4.446315110854833e-6
250,10,-129.9949744098698,28,6.699351208164024e-9,-255.9899488197396,4.4472352316379005e-6
1000,10,-129.72589198301696,28,6.6825586379233675e-9,-255.45178396603393,4.446587412318274e-6
2500,10,-129.7224883050647,28,6.618690366296993e-9,-255.4449766101294,4.4467173907025544e-6
50,100,-130.99583711026582,28,9.093907507889022e-9,-257.99167422053165,4.450899348936133e-6
250,100,-129.68949920884612,28,9.37253762352095e-9,-255.37899841769223,4.449600302828049e-6
1000,100,-129.6142851402769,28,8.362656902657414e-9,-255.2285702805538,4.447080489426702e-6
2500,100,-129.8112920786492,28,6.401424888674776e-9,-255.62258415729838,4.4479993125680614e-6
50,250,-130.21129005131746,28,8.02121192652603e-9,-256.4225801026349,4.442583704192418e-6
250,250,-130.1640275157517,28,7.063574623079588e-9,-256.3280550315034,4.456904610320266e-6
1000,250,-130.28644946946022,28,6.215805859493928e-9,-256.57289893892045,4.447878031270341e-6
2500,250,-130.2856905422712,28,6.568336360650388e-9,-256.5713810845424,4.446945246080593e-6
50,1000,-115.17214486383156,28,5.311490009158679e-8,-226.34428972766312,4.602497864086074e-6
250,1000,-125.50264196866983,28,1.3919491277744575e-8,-247.00528393733967,4.441297840995823e-6
1000,1000,-129.2837074509145,28,8.183443089710858e-9,-254.567414901829,4.449187360872283e-6
2500,1000,-130.26783584860948,28,6.920291134096722e-9,-256.53567169721896,4.450123171983453e-6
50,10,-129.79746741421746,29,6.697286065259563e-9,-255.59493482843493,4.446315110854833e-6
250,10,-129.9949744098698,29,6.699351208164024e-9,-255.9899488197396,4.4472352316379005e-6
1000,10,-129.72589198301696,29,6.6825586379233675e-9,-255.45178396603393,4.446587412318274e-6
2500,10,-129.7224883050647,29,6.618690366296993e-9,-255.4449766101294,4.4467173907025544e-6
50,100,-130.99583711026582,29,9.093907507889022e-9,-257.99167422053165,4.450899348936133e-6
250,100,-129.68949920884612,29,9.37253762352095e-9,-255.37899841769223,4.449600302828049e-6
1000,100,-129.6142851402769,29,8.362656902657414e-9,-255.2285702805538,4.447080489426702e-6
2500,100,-129.8112920786492,29,6.401424888674776e-9,-255.62258415729838,4.4479993125680614e-6
50,250,-130.21129005131746,29,8.02121192652603e-9,-256.4225801026349,4.442583704192418e-6
250,250,-130.1640275157517,29,7.063574623079588e-9,-256.3280550315034,4.456904610320266e-6
1000,250,-130.28644946946022,29,6.215805859493928e-9,-256.57289893892045,4.447878031270341e-6
2500,250,-130.2856905422712,29,6.568336360650388e-9,-256.5713810845424,4.446945246080593e-6
50,1000,-115.17214486383156,29,5.311490009158679e-8,-226.34428972766312,4.602497864086074e-6
250,1000,-125.50264196866983,29,1.3919491277744575e-8,-247.00528393733967,4.441297840995823e-6
1000,1000,-129.2837074509145,29,8.183443089710858e-9,-254.567414901829,4.449187360872283e-6
2500,1000,-130.26783584860948,29,6.920291134096722e-9,-256.53567169721896,4.450123171983453e-6
50,10,-129.79746741421746,30,6.697286065259563e-9,-255.59493482843493,4.446315110854833e-6
250,10,-129.9949744098698,30,6.699351208164024e-9,-255.9899488197396,4.4472352316379005e-6
1000,10,-129.72589198301696,30,6.6825586379233675e-9,-255.45178396603393,4.446587412318274e-6
2500,10,-129.7224883050647,30,6.618690366296993e-9,-255.4449766101294,4.4467173907025544e-6
50,100,-130.99583711026582,30,9.093907507889022e-9,-257.99167422053165,4.450899348936133e-6
250,100,-129.68949920884612,30,9.37253762352095e-9,-255.37899841769223,4.449600302828049e-6
1000,100,-129.6142851402769,30,8.362656902657414e-9,-255.2285702805538,4.447080489426702e-6
2500,100,-129.8112920786492,30,6.401424888674776e-9,-255.62258415729838,4.4479993125680614e-6
50,250,-130.21129005131746,30,8.02121192652603e-9,-256.4225801026349,4.442583704192418e-6
250,250,-130.1640275157517,30,7.063574623079588e-9,-256.3280550315034,4.456904610320266e-6
1000,250,-130.28644946946022,30,6.215805859493928e-9,-256.57289893892045,4.447878031270341e-6
2500,250,-130.2856905422712,30,6.568336360650388e-9,-256.5713810845424,4.446945246080593e-6
50,1000,-115.17214486383156,30,5.311490009158679e-8,-226.34428972766312,4.602497864086074e-6
250,1000,-125.50264196866983,30,1.3919491277744575e-8,-247.00528393733967,4.441297840995823e-6
1000,1000,-129.2837074509145,30,8.183443089710858e-9,-254.567414901829,4.449187360872283e-6
2500,1000,-130.26783584860948,30,6.920291134096722e-9,-256.53567169721896,4.450123171983453e-6
50,10,-129.79746741421746,31,6.697286065259563e-9,-255.59493482843493,4.446315110854833e-6
250,10,-129.9949744098698,31,6.699351208164024e-9,-255.9899488197396,4.4472352316379005e-6
1000,10,-129.72589198301696,31,6.6825586379233675e-9,-255.45178396603393,4.446587412318274e-6
2500,10,-129.7224883050647,31,6.618690366296993e-9,-255.4449766101294,4.4467173907025544e-6
50,100,-130.99583711026582,31,9.093907507889022e-9,-257.99167422053165,4.450899348936133e-6
250,100,-129.68949920884612,31,9.37253762352095e-9,-255.37899841769223,4.449600302828049e-6
1000,100,-129.6142851402769,31,8.362656902657414e-9,-255.2285702805538,4.447080489426702e-6
2500,100,-129.8112920786492,31,6.401424888674776e-9,-255.62258415729838,4.4479993125680614e-6
50,250,-130.21129005131746,31,8.02121192652603e-9,-256.4225801026349,4.442583704192418e-6
250,250,-130.1640275157517,31,7.063574623079588e-9,-256.3280550315034,4.456904610320266e-6
1000,250,-130.28644946946022,31,6.215805859493928e-9,-256.57289893892045,4.447878031270341e-6
2500,250,-130.2856905422712,31,6.568336360650388e-9,-256.5713810845424,4.446945246080593e-6
50,1000,-115.17214486383156,31,5.311490009158679e-8,-226.34428972766312,4.602497864086074e-6
250,1000,-125.50264196866983,31,1.3919491277744575e-8,-247.00528393733967,4.441297840995823e-6
1000,1000,-129.2837074509145,31,8.183443089710858e-9,-254.567414901829,4.449187360872283e-6
2500,1000,-130.26783584860948,31,6.920291134096722e-9,-256.53567169721896,4.450123171983453e-6
50,10,-129.79746741421746,32,6.697286065259563e-9,-255.59493482843493,4.446315110854833e-6
250,10,-129.9949744098698,32,6.699351208164024e-9,-255.9899488197396,4.4472352316379005e-6
1000,10,-129.72589198301696,32,6.6825586379233675e-9,-255.45178396603393,4.446587412318274e-6
2500,10,-129.7224883050647,32,6.618690366296993e-9,-255.4449766101294,4.4467173907025544e-6
50,100,-130.99583711026582,32,9.093907507889022e-9,-257.99167422053165,4.450899348936133e-6
250,100,-129.68949920884612,32,9.37253762352095e-9,-255.37899841769223,4.449600302828049e-6
1000,100,-129.6142851402769,32,8.362656902657414e-9,-255.2285702805538,4.447080489426702e-6
2500,100,-129.8112920786492,32,6.401424888674776e-9,-255.62258415729838,4.4479993125680614e-6
50,250,-130.21129005131746,32,8.02121192652603e-9,-256.4225801026349,4.442583704192418e-6
250,250,-130.1640275157517,32,7.063574623079588e-9,-256.3280550315034,4.456904610320266e-6
1000,250,-130.28644946946022,32,6.215805859493928e-9,-256.57289893892045,4.447878031270341e-6
2500,250,-130.2856905422712,32,6.568336360650388e-9,-256.5713810845424,4.446945246080593e-6
50,1000,-115.17214486383156,32,5.311490009158679e-8,-226.34428972766312,4.602497864086074e-6
250,1000,-125.50264196866983,32,1.3919491277744575e-8,-247.00528393733967,4.441297840995823e-6
1000,1000,-129.2837074509145,32,8.183443089710858e-9,-254.567414901829,4.449187360872283e-6
2500,1000,-130.26783584860948,32,6.920291134096722e-9,-256.53567169721896,4.450123171983453e-6
50,10,-129.79746741421746,33,6.697286065259563e-9,-255.59493482843493,4.446315110854833e-6
250,10,-129.9949744098698,33,6.699351208164024e-9,-255.9899488197396,4.4472352316379005e-6
1000,10,-129.72589198301696,33,6.6825586379233675e-9,-255.45178396603393,4.446587412318274e-6
2500,10,-129.7224883050647,33,6.618690366296993e-9,-255.4449766101294,4.4467173907025544e-6
50,100,-130.99583711026582,33,9.093907507889022e-9,-257.99167422053165,4.450899348936133e-6
250,100,-129.68949920884612,33,9.37253762352095e-9,-255.37899841769223,4.449600302828049e-6
1000,100,-129.6142851402769,33,8.362656902657414e-9,-255.2285702805538,4.447080489426702e-6
2500,100,-129.8112920786492,33,6.401424888674776e-9,-255.62258415729838,4.4479993125680614e-6
50,250,-130.21129005131746,33,8.02121192652603e-9,-256.4225801026349,4.442583704192418e-6
250,250,-130.1640275157517,33,7.063574623079588e-9,-256.3280550315034,4.456904610320266e-6
1000,250,-130.28644946946022,33,6.215805859493928e-9,-256.57289893892045,4.447878031270341e-6
2500,250,-130.2856905422712,33,6.568336360650388e-9,-256.5713810845424,4.446945246080593e-6
50,1000,-115.17214486383156,33,5.311490009158679e-8,-226.34428972766312,4.602497864086074e-6
250,1000,-125.50264196866983,33,1.3919491277744575e-8,-247.00528393733967,4.441297840995823e-6
1000,1000,-129.2837074509145,33,8.183443089710858e-9,-254.567414901829,4.449187360872283e-6
2500,1000,-130.26783584860948,33,6.920291134096722e-9,-256.53567169721896,4.450123171983453e-6
50,10,-129.79746741421746,34,6.697286065259563e-9,-255.59493482843493,4.446315110854833e-6
250,10,-129.9949744098698,34,6.699351208164024e-9,-255.9899488197396,4.4472352316379005e-6
1000,10,-129.72589198301696,34,6.6825586379233675e-9,-255.45178396603393,4.446587412318274e-6
2500,10,-129.7224883050647,34,6.618690366296993e-9,-255.4449766101294,4.4467173907025544e-6
50,100,-130.99583711026582,34,9.093907507889022e-9,-257.99167422053165,4.450899348936133e-6
250,100,-129.68949920884612,34,9.37253762352095e-9,-255.37899841769223,4.449600302828049e-6
1000,100,-129.6142851402769,34,8.362656902657414e-9,-255.2285702805538,4.447080489426702e-6
2500,100,-129.8112920786492,34,6.401424888674776e-9,-255.62258415729838,4.4479993125680614e-6
50,250,-130.21129005131746,34,8.02121192652603e-9,-256.4225801026349,4.442583704192418e-6
250,250,-130.1640275157517,34,7.063574623079588e-9,-256.3280550315034,4.456904610320266e-6
1000,250,-130.28644946946022,34,6.215805859493928e-9,-256.57289893892045,4.447878031270341e-6
2500,250,-130.2856905422712,34,6.568336360650388e-9,-256.5713810845424,4.446945246080593e-6
50,1000,-115.17214486383156,34,5.311490009158679e-8,-226.34428972766312,4.602497864086074e-6
250,1000,-125.50264196866983,34,1.3919491277744575e-8,-247.00528393733967,4.441297840995823e-6
1000,1000,-129.2837074509145,34,8.183443089710858e-9,-254.567414901829,4.449187360872283e-6
2500,1000,-130.26783584860948,34,6.920291134096722e-9,-256.53567169721896,4.450123171983453e-6
50,10,-129.79746741421746,35,6.697286065259563e-9,-255.59493482843493,4.446315110854833e-6
250,10,-129.9949744098698,35,6.699351208164024e-9,-255.9899488197396,4.4472352316379005e-6
1000,10,-129.72589198301696,35,6.6825586379233675e-9,-255.45178396603393,4.446587412318274e-6
2500,10,-129.7224883050647,35,6.618690366296993e-9,-255.4449766101294,4.4467173907025544e-6
50,100,-130.99583711026582,35,9.093907507889022e-9,-257.99167422053165,4.450899348936133e-6
250,100,-129.68949920884612,35,9.37253762352095e-9,-255.37899841769223,4.449600302828049e-6
1000,100,-129.6142851402769,35,8.362656902657414e-9,-255.2285702805538,4.447080489426702e-6
2500,100,-129.8112920786492,35,6.401424888674776e-9,-255.62258415729838,4.4479993125680614e-6
50,250,-130.21129005131746,35,8.02121192652603e-9,-256.4225801026349,4.442583704192418e-6
250,250,-130.1640275157517,35,7.063574623079588e-9,-256.3280550315034,4.456904610320266e-6
1000,250,-130.28644946946022,35,6.215805859493928e-9,-256.57289893892045,4.447878031270341e-6
2500,250,-130.2856905422712,35,6.568336360650388e-9,-256.5713810845424,4.446945246080593e-6
50,1000,-115.17214486383156,35,5.311490009158679e-8,-226.34428972766312,4.602497864086074e-6
250,1000,-125.50264196866983,35,1.3919491277744575e-8,-247.00528393733967,4.441297840995823e-6
1000,1000,-129.2837074509145,35,8.183443089710858e-9,-254.567414901829,4.449187360872283e-6
2500,1000,-130.26783584860948,35,6.920291134096722e-9,-256.53567169721896,4.450123171983453e-6
50,10,-129.79746741421746,36,6.697286065259563e-9,-255.59493482843493,4.446315110854833e-6
250,10,-129.9949744098698,36,6.699351208164024e-9,-255.9899488197396,4.4472352316379005e-6
1000,10,-129.72589198301696,36,6.6825586379233675e-9,-255.45178396603393,4.446587412318274e-6
2500,10,-129.7224883050647,36,6.618690366296993e-9,-255.4449766101294,4.4467173907025544e-6
50,100,-130.99583711026582,36,9.093907507889022e-9,-257.99167422053165,4.450899348936133e-6
250,100,-129.68949920884612,36,9.37253762352095e-9,-255.37899841769223,4.449600302828049e-6
1000,100,-129.6142851402769,36,8.362656902657414e-9,-255.2285702805538,4.447080489426702e-6
2500,100,-129.8112920786492,36,6.401424888674776e-9,-255.62258415729838,4.4479993125680614e-6
50,250,-130.21129005131746,36,8.02121192652603e-9,-256.4225801026349,4.442583704192418e-6
250,250,-130.1640275157517,36,7.063574623079588e-9,-256.3280550315034,4.456904610320266e-6
1000,250,-130.28644946946022,36,6.215805859493928e-9,-256.57289893892045,4.447878031270341e-6
2500,250,-130.2856905422712,36,6.568336360650388e-9,-256.5713810845424,4.446945246080593e-6
50,1000,-115.17214486383156,36,5.311490009158679e-8,-226.34428972766312,4.602497864086074e-6
250,1000,-125.50264196866983,36,1.3919491277744575e-8,-247.00528393733967,4.441297840995823e-6
1000,1000,-129.2837074509145,36,8.183443089710858e-9,-254.567414901829,4.449187360872283e-6
2500,1000,-130.26783584860948,36,6.920291134096722e-9,-256.53567169721896,4.450123171983453e-6
50,10,-129.79746741421746,37,6.697286065259563e-9,-255.59493482843493,4.446315110854833e-6
250,10,-129.9949744098698,37,6.699351208164024e-9,-255.9899488197396,4.4472352316379005e-6
1000,10,-129.72589198301696,37,6.6825586379233675e-9,-255.45178396603393,4.446587412318274e-6
2500,10,-129.7224883050647,37,6.618690366296993e-9,-255.4449766101294,4.4467173907025544e-6
50,100,-130.99583711026582,37,9.093907507889022e-9,-257.99167422053165,4.450899348936133e-6
250,100,-129.68949920884612,37,9.37253762352095e-9,-255.37899841769223,4.449600302828049e-6
1000,100,-129.6142851402769,37,8.362656902657414e-9,-255.2285702805538,4.447080489426702e-6
2500,100,-129.8112920786492,37,6.401424888674776e-9,-255.62258415729838,4.4479993125680614e-6
50,250,-130.21129005131746,37,8.02121192652603e-9,-256.4225801026349,4.442583704192418e-6
250,250,-130.1640275157517,37,7.063574623079588e-9,-256.3280550315034,4.456904610320266e-6
1000,250,-130.28644946946022,37,6.215805859493928e-9,-256.57289893892045,4.447878031270341e-6
2500,250,-130.2856905422712,37,6.568336360650388e-9,-256.5713810845424,4.446945246080593e-6
50,1000,-115.17214486383156,37,5.311490009158679e-8,-226.34428972766312,4.602497864086074e-6
250,1000,-125.50264196866983,37,1.3919491277744575e-8,-247.00528393733967,4.441297840995823e-6
1000,1000,-129.2837074509145,37,8.183443089710858e-9,-254.567414901829,4.449187360872283e-6
2500,1000,-130.26783584860948,37,6.920291134096722e-9,-256.53567169721896,4.450123171983453e-6
50,10,-129.79746741421746,38,6.697286065259563e-9,-255.59493482843493,4.446315110854833e-6
250,10,-129.9949744098698,38,6.699351208164024e-9,-255.9899488197396,4.4472352316379005e-6
1000,10,-129.72589198301696,38,6.6825586379233675e-9,-255.45178396603393,4.446587412318274e-6
2500,10,-129.7224883050647,38,6.618690366296993e-9,-255.4449766101294,4.4467173907025544e-6
50,100,-130.99583711026582,38,9.093907507889022e-9,-257.99167422053165,4.450899348936133e-6
250,100,-129.68949920884612,38,9.37253762352095e-9,-255.37899841769223,4.449600302828049e-6
1000,100,-129.6142851402769,38,8.362656902657414e-9,-255.2285702805538,4.447080489426702e-6
2500,100,-129.8112920786492,38,6.401424888674776e-9,-255.62258415729838,4.4479993125680614e-6
50,250,-130.21129005131746,38,8.02121192652603e-9,-256.4225801026349,4.442583704192418e-6
250,250,-130.1640275157517,38,7.063574623079588e-9,-256.3280550315034,4.456904610320266e-6
1000,250,-130.28644946946022,38,6.215805859493928e-9,-256.57289893892045,4.447878031270341e-6
2500,250,-130.2856905422712,38,6.568336360650388e-9,-256.5713810845424,4.446945246080593e-6
50,1000,-115.17214486383156,38,5.311490009158679e-8,-226.34428972766312,4.602497864086074e-6
250,1000,-125.50264196866983,38,1.3919491277744575e-8,-247.00528393733967,4.441297840995823e-6
1000,1000,-129.2837074509145,38,8.183443089710858e-9,-254.567414901829,4.449187360872283e-6
2500,1000,-130.26783584860948,38,6.920291134096722e-9,-256.53567169721896,4.450123171983453e-6
50,10,-129.79746741421746,39,6.697286065259563e-9,-255.59493482843493,4.446315110854833e-6
250,10,-129.9949744098698,39,6.699351208164024e-9,-255.9899488197396,4.4472352316379005e-6
1000,10,-129.72589198301696,39,6.6825586379233675e-9,-255.45178396603393,4.446587412318274e-6
2500,10,-129.7224883050647,39,6.618690366296993e-9,-255.4449766101294,4.4467173907025544e-6
50,100,-130.99583711026582,39,9.093907507889022e-9,-257.99167422053165,4.450899348936133e-6
250,100,-129.68949920884612,39,9.37253762352095e-9,-255.37899841769223,4.449600302828049e-6
1000,100,-129.6142851402769,39,8.362656902657414e-9,-255.2285702805538,4.447080489426702e-6
2500,100,-129.8112920786492,39,6.401424888674776e-9,-255.62258415729838,4.4479993125680614e-6
50,250,-130.21129005131746,39,8.02121192652603e-9,-256.4225801026349,4.442583704192418e-6
250,250,-130.1640275157517,39,7.063574623079588e-9,-256.3280550315034,4.456904610320266e-6
1000,250,-130.28644946946022,39,6.215805859493928e-9,-256.57289893892045,4.447878031270341e-6
2500,250,-130.2856905422712,39,6.568336360650388e-9,-256.5713810845424,4.446945246080593e-6
50,1000,-115.17214486383156,39,5.311490009158679e-8,-226.34428972766312,4.602497864086074e-6
250,1000,-125.50264196866983,39,1.3919491277744575e-8,-247.00528393733967,4.441297840995823e-6
1000,1000,-129.2837074509145,39,8.183443089710858e-9,-254.567414901829,4.449187360872283e-6
2500,1000,-130.26783584860948,39,6.920291134096722e-9,-256.53567169721896,4.450123171983453e-6
50,10,-129.79746741421746,40,6.697286065259563e-9,-255.59493482843493,4.446315110854833e-6
250,10,-129.9949744098698,40,6.699351208164024e-9,-255.9899488197396,4.4472352316379005e-6
1000,10,-129.72589198301696,40,6.6825586379233675e-9,-255.45178396603393,4.446587412318274e-6
2500,10,-129.7224883050647,40,6.618690366296993e-9,-255.4449766101294,4.4467173907025544e-6
50,100,-130.99583711026582,40,9.093907507889022e-9,-257.99167422053165,4.450899348936133e-6
250,100,-129.68949920884612,40,9.37253762352095e-9,-255.37899841769223,4.449600302828049e-6
1000,100,-129.6142851402769,40,8.362656902657414e-9,-255.2285702805538,4.447080489426702e-6
2500,100,-129.8112920786492,40,6.401424888674776e-9,-255.62258415729838,4.4479993125680614e-6
50,250,-130.21129005131746,40,8.02121192652603e-9,-256.4225801026349,4.442583704192418e-6
250,250,-130.1640275157517,40,7.063574623079588e-9,-256.3280550315034,4.456904610320266e-6
1000,250,-130.28644946946022,40,6.215805859493928e-9,-256.57289893892045,4.447878031270341e-6
2500,250,-130.2856905422712,40,6.568336360650388e-9,-256.5713810845424,4.446945246080593e-6
50,1000,-115.17214486383156,40,5.311490009158679e-8,-226.34428972766312,4.602497864086074e-6
250,1000,-125.50264196866983,40,1.3919491277744575e-8,-247.00528393733967,4.441297840995823e-6
1000,1000,-129.2837074509145,40,8.183443089710858e-9,-254.567414901829,4.449187360872283e-6
2500,1000,-130.26783584860948,40,6.920291134096722e-9,-256.53567169721896,4.450123171983453e-6
50,10,-129.79746741421746,41,6.697286065259563e-9,-255.59493482843493,4.446315110854833e-6
250,10,-129.9949744098698,41,6.699351208164024e-9,-255.9899488197396,4.4472352316379005e-6
1000,10,-129.72589198301696,41,6.6825586379233675e-9,-255.45178396603393,4.446587412318274e-6
2500,10,-129.7224883050647,41,6.618690366296993e-9,-255.4449766101294,4.4467173907025544e-6
50,100,-130.99583711026582,41,9.093907507889022e-9,-257.99167422053165,4.450899348936133e-6
250,100,-129.68949920884612,41,9.37253762352095e-9,-255.37899841769223,4.449600302828049e-6
1000,100,-129.6142851402769,41,8.362656902657414e-9,-255.2285702805538,4.447080489426702e-6
2500,100,-129.8112920786492,41,6.401424888674776e-9,-255.62258415729838,4.4479993125680614e-6
50,250,-130.21129005131746,41,8.02121192652603e-9,-256.4225801026349,4.442583704192418e-6
250,250,-130.1640275157517,41,7.063574623079588e-9,-256.3280550315034,4.456904610320266e-6
1000,250,-130.28644946946022,41,6.215805859493928e-9,-256.57289893892045,4.447878031270341e-6
2500,250,-130.2856905422712,41,6.568336360650388e-9,-256.5713810845424,4.446945246080593e-6
50,1000,-115.17214486383156,41,5.311490009158679e-8,-226.34428972766312,4.602497864086074e-6
250,1000,-125.50264196866983,41,1.3919491277744575e-8,-247.00528393733967,4.441297840995823e-6
1000,1000,-129.2837074509145,41,8.183443089710858e-9,-254.567414901829,4.449187360872283e-6
2500,1000,-130.26783584860948,41,6.920291134096722e-9,-256.53567169721896,4.450123171983453e-6
50,10,-129.79746741421746,42,6.697286065259563e-9,-255.59493482843493,4.446315110854833e-6
250,10,-129.9949744098698,42,6.699351208164024e-9,-255.9899488197396,4.4472352316379005e-6
1000,10,-129.72589198301696,42,6.6825586379233675e-9,-255.45178396603393,4.446587412318274e-6
2500,10,-129.7224883050647,42,6.618690366296993e-9,-255.4449766101294,4.4467173907025544e-6
50,100,-130.99583711026582,42,9.093907507889022e-9,-257.99167422053165,4.450899348936133e-6
250,100,-129.68949920884612,42,9.37253762352095e-9,-255.37899841769223,4.449600302828049e-6
1000,100,-129.6142851402769,42,8.362656902657414e-9,-255.2285702805538,4.447080489426702e-6
2500,100,-129.8112920786492,42,6.401424888674776e-9,-255.62258415729838,4.4479993125680614e-6
50,250,-130.21129005131746,42,8.02121192652603e-9,-256.4225801026349,4.442583704192418e-6
250,250,-130.1640275157517,42,7.063574623079588e-9,-256.3280550315034,4.456904610320266e-6
1000,250,-130.28644946946022,42,6.215805859493928e-9,-256.57289893892045,4.447878031270341e-6
2500,250,-130.2856905422712,42,6.568336360650388e-9,-256.5713810845424,4.446945246080593e-6
50,1000,-115.17214486383156,42,5.311490009158679e-8,-226.34428972766312,4.602497864086074e-6
250,1000,-125.50264196866983,42,1.3919491277744575e-8,-247.00528393733967,4.441297840995823e-6
1000,1000,-129.2837074509145,42,8.183443089710858e-9,-254.567414901829,4.449187360872283e-6
2500,1000,-130.26783584860948,42,6.920291134096722e-9,-256.53567169721896,4.450123171983453e-6
50,10,-129.79746741421746,43,6.697286065259563e-9,-255.59493482843493,4.446315110854833e-6
250,10,-129.9949744098698,43,6.699351208164024e-9,-255.9899488197396,4.4472352316379005e-6
1000,10,-129.72589198301696,43,6.6825586379233675e-9,-255.45178396603393,4.446587412318274e-6
2500,10,-129.7224883050647,43,6.618690366296993e-9,-255.4449766101294,4.4467173907025544e-6
50,100,-130.99583711026582,43,9.093907507889022e-9,-257.99167422053165,4.450899348936133e-6
250,100,-129.68949920884612,43,9.37253762352095e-9,-255.37899841769223,4.449600302828049e-6
1000,100,-129.6142851402769,43,8.362656902657414e-9,-255.2285702805538,4.447080489426702e-6
2500,100,-129.8112920786492,43,6.401424888674776e-9,-255.62258415729838,4.4479993125680614e-6
50,250,-130.21129005131746,43,8.02121192652603e-9,-256.4225801026349,4.442583704192418e-6
250,250,-130.1640275157517,43,7.063574623079588e-9,-256.3280550315034,4.456904610320266e-6
1000,250,-130.28644946946022,43,6.215805859493928e-9,-256.57289893892045,4.447878031270341e-6
2500,250,-130.2856905422712,43,6.568336360650388e-9,-256.5713810845424,4.446945246080593e-6
50,1000,-115.17214486383156,43,5.311490009158679e-8,-226.34428972766312,4.602497864086074e-6
250,1000,-125.50264196866983,43,1.3919491277744575e-8,-247.00528393733967,4.441297840995823e-6
1000,1000,-129.2837074509145,43,8.183443089710858e-9,-254.567414901829,4.449187360872283e-6
2500,1000,-130.26783584860948,43,6.920291134096722e-9,-256.53567169721896,4.450123171983453e-6
50,10,-129.79746741421746,44,6.697286065259563e-9,-255.59493482843493,4.446315110854833e-6
250,10,-129.9949744098698,44,6.699351208164024e-9,-255.9899488197396,4.4472352316379005e-6
1000,10,-129.72589198301696,44,6.6825586379233675e-9,-255.45178396603393,4.446587412318274e-6
2500,10,-129.7224883050647,44,6.618690366296993e-9,-255.4449766101294,4.4467173907025544e-6
50,100,-130.99583711026582,44,9.093907507889022e-9,-257.99167422053165,4.450899348936133e-6
250,100,-129.68949920884612,44,9.37253762352095e-9,-255.37899841769223,4.449600302828049e-6
1000,100,-129.6142851402769,44,8.362656902657414e-9,-255.2285702805538,4.447080489426702e-6
2500,100,-129.8112920786492,44,6.401424888674776e-9,-255.62258415729838,4.4479993125680614e-6
50,250,-130.21129005131746,44,8.02121192652603e-9,-256.4225801026349,4.442583704192418e-6
250,250,-130.1640275157517,44,7.063574623079588e-9,-256.3280550315034,4.456904610320266e-6
1000,250,-130.28644946946022,44,6.215805859493928e-9,-256.57289893892045,4.447878031270341e-6
2500,250,-130.2856905422712,44,6.568336360650388e-9,-256.5713810845424,4.446945246080593e-6
50,1000,-115.17214486383156,44,5.311490009158679e-8,-226.34428972766312,4.602497864086074e-6
250,1000,-125.50264196866983,44,1.3919491277744575e-8,-247.00528393733967,4.441297840995823e-6
1000,1000,-129.2837074509145,44,8.183443089710858e-9,-254.567414901829,4.449187360872283e-6
2500,1000,-130.26783584860948,44,6.920291134096722e-9,-256.53567169721896,4.450123171983453e-6
50,10,-129.79746741421746,45,6.697286065259563e-9,-255.59493482843493,4.446315110854833e-6
250,10,-129.9949744098698,45,6.699351208164024e-9,-255.9899488197396,4.4472352316379005e-6
1000,10,-129.72589198301696,45,6.6825586379233675e-9,-255.45178396603393,4.446587412318274e-6
2500,10,-129.7224883050647,45,6.618690366296993e-9,-255.4449766101294,4.4467173907025544e-6
50,100,-130.99583711026582,45,9.093907507889022e-9,-257.99167422053165,4.450899348936133e-6
250,100,-129.68949920884612,45,9.37253762352095e-9,-255.37899841769223,4.449600302828049e-6
1000,100,-129.6142851402769,45,8.362656902657414e-9,-255.2285702805538,4.447080489426702e-6
2500,100,-129.8112920786492,45,6.401424888674776e-9,-255.62258415729838,4.4479993125680614e-6
50,250,-130.21129005131746,45,8.02121192652603e-9,-256.4225801026349,4.442583704192418e-6
250,250,-130.1640275157517,45,7.063574623079588e-9,-256.3280550315034,4.456904610320266e-6
1000,250,-130.28644946946022,45,6.215805859493928e-9,-256.57289893892045,4.447878031270341e-6
2500,250,-130.2856905422712,45,6.568336360650388e-9,-256.5713810845424,4.446945246080593e-6
50,1000,-115.17214486383156,45,5.311490009158679e-8,-226.34428972766312,4.602497864086074e-6
250,1000,-125.50264196866983,45,1.3919491277744575e-8,-247.00528393733967,4.441297840995823e-6
1000,1000,-129.2837074509145,45,8.183443089710858e-9,-254.567414901829,4.449187360872283e-6
2500,1000,-130.26783584860948,45,6.920291134096722e-9,-256.53567169721896,4.450123171983453e-6
50,10,-129.79746741421746,46,6.697286065259563e-9,-255.59493482843493,4.446315110854833e-6
250,10,-129.9949744098698,46,6.699351208164024e-9,-255.9899488197396,4.4472352316379005e-6
1000,10,-129.72589198301696,46,6.6825586379233675e-9,-255.45178396603393,4.446587412318274e-6
2500,10,-129.7224883050647,46,6.618690366296993e-9,-255.4449766101294,4.4467173907025544e-6
50,100,-130.99583711026582,46,9.093907507889022e-9,-257.99167422053165,4.450899348936133e-6
250,100,-129.68949920884612,46,9.37253762352095e-9,-255.37899841769223,4.449600302828049e-6
1000,100,-129.6142851402769,46,8.362656902657414e-9,-255.2285702805538,4.447080489426702e-6
2500,100,-129.8112920786492,46,6.401424888674776e-9,-255.62258415729838,4.4479993125680614e-6
50,250,-130.21129005131746,46,8.02121192652603e-9,-256.4225801026349,4.442583704192418e-6
250,250,-130.1640275157517,46,7.063574623079588e-9,-256.3280550315034,4.456904610320266e-6
1000,250,-130.28644946946022,46,6.215805859493928e-9,-256.57289893892045,4.447878031270341e-6
2500,250,-130.2856905422712,46,6.568336360650388e-9,-256.5713810845424,4.446945246080593e-6
50,1000,-115.17214486383156,46,5.311490009158679e-8,-226.34428972766312,4.602497864086074e-6
250,1000,-125.50264196866983,46,1.3919491277744575e-8,-247.00528393733967,4.441297840995823e-6
1000,1000,-129.2837074509145,46,8.183443089710858e-9,-254.567414901829,4.449187360872283e-6
2500,1000,-130.26783584860948,46,6.920291134096722e-9,-256.53567169721896,4.450123171983453e-6
50,10,-129.79746741421746,47,6.697286065259563e-9,-255.59493482843493,4.446315110854833e-6
250,10,-129.9949744098698,47,6.699351208164024e-9,-255.9899488197396,4.4472352316379005e-6
1000,10,-129.72589198301696,47,6.6825586379233675e-9,-255.45178396603393,4.446587412318274e-6
2500,10,-129.7224883050647,47,6.618690366296993e-9,-255.4449766101294,4.4467173907025544e-6
50,100,-130.99583711026582,47,9.093907507889022e-9,-257.99167422053165,4.450899348936133e-6
250,100,-129.68949920884612,47,9.37253762352095e-9,-255.37899841769223,4.449600302828049e-6
1000,100,-129.6142851402769,47,8.362656902657414e-9,-255.2285702805538,4.447080489426702e-6
2500,100,-129.8112920786492,47,6.401424888674776e-9,-255.62258415729838,4.4479993125680614e-6
50,250,-130.21129005131746,47,8.02121192652603e-9,-256.4225801026349,4.442583704192418e-6
250,250,-130.1640275157517,47,7.063574623079588e-9,-256.3280550315034,4.456904610320266e-6
1000,250,-130.28644946946022,47,6.215805859493928e-9,-256.57289893892045,4.447878031270341e-6
2500,250,-130.2856905422712,47,6.568336360650388e-9,-256.5713810845424,4.446945246080593e-6
50,1000,-115.17214486383156,47,5.311490009158679e-8,-226.34428972766312,4.602497864086074e-6
250,1000,-125.50264196866983,47,1.3919491277744575e-8,-247.00528393733967,4.441297840995823e-6
1000,1000,-129.2837074509145,47,8.183443089710858e-9,-254.567414901829,4.449187360872283e-6
2500,1000,-130.26783584860948,47,6.920291134096722e-9,-256.53567169721896,4.450123171983453e-6
50,10,-129.79746741421746,48,6.697286065259563e-9,-255.59493482843493,4.446315110854833e-6
250,10,-129.9949744098698,48,6.699351208164024e-9,-255.9899488197396,4.4472352316379005e-6
1000,10,-129.72589198301696,48,6.6825586379233675e-9,-255.45178396603393,4.446587412318274e-6
2500,10,-129.7224883050647,48,6.618690366296993e-9,-255.4449766101294,4.4467173907025544e-6
50,100,-130.99583711026582,48,9.093907507889022e-9,-257.99167422053165,4.450899348936133e-6
250,100,-129.68949920884612,48,9.37253762352095e-9,-255.37899841769223,4.449600302828049e-6
1000,100,-129.6142851402769,48,8.362656902657414e-9,-255.2285702805538,4.447080489426702e-6
2500,100,-129.8112920786492,48,6.401424888674776e-9,-255.62258415729838,4.4479993125680614e-6
50,250,-130.21129005131746,48,8.02121192652603e-9,-256.4225801026349,4.442583704192418e-6
250,250,-130.1640275157517,48,7.063574623079588e-9,-256.3280550315034,4.456904610320266e-6
1000,250,-130.28644946946022,48,6.215805859493928e-9,-256.57289893892045,4.447878031270341e-6
2500,250,-130.2856905422712,48,6.568336360650388e-9,-256.5713810845424,4.446945246080593e-6
50,1000,-115.17214486383156,48,5.311490009158679e-8,-226.34428972766312,4.602497864086074e-6
250,1000,-125.50264196866983,48,1.3919491277744575e-8,-247.00528393733967,4.441297840995823e-6
1000,1000,-129.2837074509145,48,8.183443089710858e-9,-254.567414901829,4.449187360872283e-6
2500,1000,-130.26783584860948,48,6.920291134096722e-9,-256.53567169721896,4.450123171983453e-6
50,10,-129.79746741421746,49,6.697286065259563e-9,-255.59493482843493,4.446315110854833e-6
250,10,-129.9949744098698,49,6.699351208164024e-9,-255.9899488197396,4.4472352316379005e-6
1000,10,-129.72589198301696,49,6.6825586379233675e-9,-255.45178396603393,4.446587412318274e-6
2500,10,-129.7224883050647,49,6.618690366296993e-9,-255.4449766101294,4.4467173907025544e-6
50,100,-130.99583711026582,49,9.093907507889022e-9,-257.99167422053165,4.450899348936133e-6
250,100,-129.68949920884612,49,9.37253762352095e-9,-255.37899841769223,4.449600302828049e-6
1000,100,-129.6142851402769,49,8.362656902657414e-9,-255.2285702805538,4.447080489426702e-6
2500,100,-129.8112920786492,49,6.401424888674776e-9,-255.62258415729838,4.4479993125680614e-6
50,250,-130.21129005131746,49,8.02121192652603e-9,-256.4225801026349,4.442583704192418e-6
250,250,-130.1640275157517,49,7.063574623079588e-9,-256.3280550315034,4.456904610320266e-6
1000,250,-130.28644946946022,49,6.215805859493928e-9,-256.57289893892045,4.447878031270341e-6
2500,250,-130.2856905422712,49,6.568336360650388e-9,-256.5713810845424,4.446945246080593e-6
50,1000,-115.17214486383156,49,5.311490009158679e-8,-226.34428972766312,4.602497864086074e-6
250,1000,-125.50264196866983,49,1.3919491277744575e-8,-247.00528393733967,4.441297840995823e-6
1000,1000,-129.2837074509145,49,8.183443089710858e-9,-254.567414901829,4.449187360872283e-6
2500,1000,-130.26783584860948,49,6.920291134096722e-9,-256.53567169721896,4.450123171983453e-6
50,10,-129.79746741421746,50,6.697286065259563e-9,-255.59493482843493,4.446315110854833e-6
250,10,-129.9949744098698,50,6.699351208164024e-9,-255.9899488197396,4.4472352316379005e-6
1000,10,-129.72589198301696,50,6.6825586379233675e-9,-255.45178396603393,4.446587412318274e-6
2500,10,-129.7224883050647,50,6.618690366296993e-9,-255.4449766101294,4.4467173907025544e-6
50,100,-130.99583711026582,50,9.093907507889022e-9,-257.99167422053165,4.450899348936133e-6
250,100,-129.68949920884612,50,9.37253762352095e-9,-255.37899841769223,4.449600302828049e-6
1000,100,-129.6142851402769,50,8.362656902657414e-9,-255.2285702805538,4.447080489426702e-6
2500,100,-129.8112920786492,50,6.401424888674776e-9,-255.62258415729838,4.4479993125680614e-6
50,250,-130.21129005131746,50,8.02121192652603e-9,-256.4225801026349,4.442583704192418e-6
250,250,-130.1640275157517,50,7.063574623079588e-9,-256.3280550315034,4.456904610320266e-6
1000,250,-130.28644946946022,50,6.215805859493928e-9,-256.57289893892045,4.447878031270341e-6
2500,250,-130.2856905422712,50,6.568336360650388e-9,-256.5713810845424,4.446945246080593e-6
50,1000,-115.17214486383156,50,5.311490009158679e-8,-226.34428972766312,4.602497864086074e-6
250,1000,-125.50264196866983,50,1.3919491277744575e-8,-247.00528393733967,4.441297840995823e-6
1000,1000,-129.2837074509145,50,8.183443089710858e-9,-254.567414901829,4.449187360872283e-6
2500,1000,-130.26783584860948,50,6.920291134096722e-9,-256.53567169721896,4.450123171983453e-6
